{
  "topic": "yoc-order-capture",
  "key": {
    "orgId": "UKSMT",
    "sellingChannel": "CEVA-HOST",
    "orderId": "SHOPIFY-5958602653954"
  },
  "value": {
    "orgId": "UKSMT",
    "sellingChannel": "CEVA-HOST",
    "orderId": "SHOPIFY-5958602653954",
    "orderDate": "2024-09-10T16:40:03Z",
    "orderType": "SalesOrder",
    "customerId": 1337,
    "partialFillAllowed": false,
    "sellerOrgId": "SITMERCH01",
    "customFields": {
      "incoTerm": "DAP",
      "marketplaceShopRef": "FFshop1"
    },
    "addressInfo": [
      {
        "type": "shipping_address",
        "contact": {
          "email": "",
          "phone": null
        },
        "address": {
          "addressLine1": "(Updated by Alex) LIEU DIT LE BOURG",
          "addressLine2": "",
          "city": "VIPLAIX",
          "country": "FR",
          "zipCode": "03370"
        }
      },
      {
        "type": "billing_address",
        "contact": {
          "email": "",
          "phone": null
        },
        "address": {
          "addressLine1": null,
          "addressLine2": ""
        }
      }
    ],
    "orderLines": [
      {
        "orderLineId": 5958602653954,
        "orderLineType": "SHIP",
        "fulfillmentType": "SHIP",
        "fulfillmentService": "STD-HOME",
        "partialFillAllowed": false,
        "productId": "S1-P1",
        "productDescription": "Camera",
        "productType": "DEFAULT",
        "uom": "EACH",
        "carrierServiceCode": "NA-Test",
        "scac": "FR-CP",
        "customFields": {
          "marketplaceLineRef": "FFLineRef1",
          "signatureRequiredFlag": true
        },
        "prices": [
          {
            "value": 20,
            "name": "UnitPriceHT",
            "useForTotals": false
          },
          {
            "value": 20,
            "name": "UnitPriceTTC",
            "useForTotals": true
          },
          {
            "value": 20,
            "name": "UnitPriceTTCWithShipping",
            "useForTotals": false
          }
        ],
        "addressInfo": [
          {
            "type": "shipTo",
            "contact": {
              "firstName": "XYZ",
              "lastName": "XYZ",
              "email": "XYZ",
              "phone": "XYZ"
            },
            "address": {
              "addressLine1": "NA",
              "addressLine2": "NA",
              "city": "Delhi",
              "country": "IN",
              "zipCode": "343442"
            },
            "isActive": true
          }
        ],
        "dates": {
          "estimatedShipDate": {
            "max": "2024-04-03T10:40:03Z"
          },
          "estimatedDeliveryDate": {
            "max": "2024-04-04T10:40:03Z"
          }
        },
        "valueAddedServices": [
          {
            "type": "Delivery_Note",
            "details": {
              "instructions": "{fnac_order[order_delivery_note]}",
              "message": "{message}",
              "image": "{image}"
            }
          },
          {
            "type": "Product_to_take_back",
            "details": {
              "instructions": "{fnac_order_details[nb_products_to_take_back]}",
              "message": "{message}",
              "image": "{image}"
            }
          }
        ]
      }
    ],
    "orderTotals": {
      "totalAmount": "238.47"
    }
  },
  "operation": "create",
  "isFullyQualifiedTopicName": false
}